<?xml version="1.0" encoding="utf-8"?>
<openerp>
    <data noupdate="1">

        <!-- Sequences for products -->
        <record id="seq_type_product_product" model="ir.sequence.type">
            <field name="name">Product</field>
            <field name="code">product.product</field>
        </record>

        <record id="seq_product_product" model="ir.sequence">
            <field name="name">Product</field>
            <field name="code">product.product</field>
            <field name="prefix">PP</field>
            <field name="padding">6</field>
            <field name="company_id" eval="False"/>
        </record>

    </data>
</openerp>
